Unnamed: 0,siteID,pft,IGBP,clim,soil_tex_id,swc_i,Zm,lat,lon,frac_H,frac_T,frac_B,frac_V,Td,T_GS,DOY_GS,Eo,D_mean,D_peak,rf_alpha,rf_lambda,RF_a,RF,AI_a,EF_a,AI,EF,GPP_mean,ET_mean,b,Ps0,Ks,n,s_h,s_fc_ref,s_fc_rec,s_fc,Zr_m,RAI,dr,hc,k_xl_max,Px50,gs_max_ref,Pg50,LAI_s90,LAI_s,LAI_v,LAI,fpar_s90,fpar_s,fpar_v,fpar,s_obs,p_obs,obs_l,l_obs,nYear,Zmi,n_it,num_pl,fail_conv_count,fail_eff_count,efficiency_estimates,efficiency,loglikelihood_estimates,loglikelihood,loglikelihood_grd,pi_T_grd,pi_T_maxmaxlike,pi_T_median,pi_T_mean,pi_T_std,pi_T_estimates,pi_T,pi_S_grd,pi_S_maxmaxlike,pi_S_median,pi_S_mean,pi_S_std,pi_S_estimates,pi_S,pi_R_grd,pi_R_maxmaxlike,pi_R_median,pi_R_mean,pi_R_std,pi_R_estimates,pi_R,pi_F_grd,pi_F_maxmaxlike,pi_F_median,pi_F_mean,pi_F_std,pi_F_estimates,pi_F,epsilon_grd,epsilon_maxmaxlike,epsilon_median,epsilon_mean,epsilon_std,epsilon_estimates,epsilon,AA_grd,AA_maxmaxlike,AA_median,AA_mean,AA_std,AA_estimates,AA,tet_part_grd,tet_part_maxmaxlike,tet_part_median,tet_part_mean,tet_part_std,tet_part_estimates,tet_part,mean_ef_grd,mean_ef_maxmaxlike,mean_ef_median,mean_ef_mean,mean_ef_std,mean_ef_estimates,mean_ef,mean_tf_grd,mean_tf_maxmaxlike,mean_tf_median,mean_tf_mean,mean_tf_std,mean_tf_estimates,mean_tf,mean_di_grd,mean_di_maxmaxlike,mean_di_median,mean_di_mean,mean_di_std,mean_di_estimates,mean_di,Px50_grd,Px50_maxmaxlike,Px50_median,Px50_mean,Px50_std,Px50_estimates,Pg50_grd,Pg50_maxmaxlike,Pg50_median,Pg50_mean,Pg50_std,Pg50_estimates,k_xl_max_grd,k_xl_max_maxmaxlike,k_xl_max_median,k_xl_max_mean,k_xl_max_std,k_xl_max_estimates,RAI_grd,RAI_maxmaxlike,RAI_median,RAI_mean,RAI_std,RAI_estimates,beta_ww_grd,beta_ww_maxmaxlike,beta_ww_median,beta_ww_mean,beta_ww_std,beta_ww_estimates,beta_ww,s_wilt_grd,s_wilt_maxmaxlike,s_wilt_median,s_wilt_mean,s_wilt_std,s_wilt_estimates,s_wilt,s_star_grd,s_star_maxmaxlike,s_star_median,s_star_mean,s_star_std,s_star_estimates,s_star,psi_wilt_grd,psi_wilt_maxmaxlike,psi_wilt_median,psi_wilt_mean,psi_wilt_std,psi_wilt_estimates,psi_wilt,psi_star_grd,psi_star_maxmaxlike,psi_star_median,psi_star_mean,psi_star_std,psi_star_estimates,psi_star,NSE_O,NSE,ks_stat,ks_stat_p,model_s_bias,stress_type,ctime
1,AU-Gat,H,GRA,Te,7,Sws,0.075,-37.39004,141.9609,0.9014285714285714,0.0942857142857142,0.0042857142857142,0.9957142857142856,44783.0,184,184,0.0020452470974819,401.32563915854286,1201.7011561334905,0.0380929601008912,0.081034585306974,0.0027042607923049,0.0030868472248908,0.8937031482763094,0.4012430662030292,0.6685989899190434,0.4119179008767698,4.281042192664322e-06,0.0012715276292043,5.951476838106199,-0.0005175932285776,0.5194828,0.42,0.18,0.5055320724152534,0.9019078518135936,0.9019078518135936,0.6,22.22359880159682,0.0005,10.0,0.0016750262400424,-9.526622366954404,0.083,-8.339205020675355,3.853604709436583,3.010564425083628,3.023522378132769,3.010564425083628,0.8492985999799637,0.7789505490258276,0.7823032773573593,0.7789505490258276,0.5293288616591296,100,458,458,3,0.05,5,5,0,0,,34.526,,0.1513901073087045,1.0008832240178973,1.000816125167245,166215910.0460527,68115528.92573412,84080580.7256629,64698227.35051908,,166215910.0460527,1.001413884374074,16111.503320071444,5672.746249250018,6424.288459968639,4313.410212654918,,16111.503320071444,1.0008174037728517,0.8753579914747205,0.5147599361446911,0.5098364567818247,0.2807170458851407,,0.8753579914747205,1.001552994653678,0.0108602146757858,0.0655981568516179,0.2269924784365347,0.5281209951652973,,0.0108602146757858,1.0008832240178973,0.3628872350490993,0.1520934669890914,0.1609295515639022,0.0866623075169005,,0.3628872350490993,1.0013106497289148,0.9150862210971696,0.8275168484603052,0.7788544487173363,0.1395901565997335,,0.9150862210971696,1.0004182483774524,0.9850213173856256,0.9828051710066088,0.9801341651351392,0.0130315787830573,,0.9850213173856256,1.0010404051993211,0.5280290764280892,0.3787295962548467,0.3723981782798217,0.0831756757369557,,0.5280290764280892,1.0010502774147907,0.5201198964811116,0.3720063799757317,0.3654694118489044,0.0830218701501153,,0.5201198964811116,0.9999499987499376,0.6732093146779129,0.6732093146779129,0.6732093146779128,1.1102230246251563e-16,,0.6732093146779129,1.001565506304393,-9.526622366954404,-7.004790277540561,-6.602888120099626,2.339431375374152,,1.001413884374074,-8.339205020675355,-2.9361750460510887,-3.325168205309325,2.23259191814788,,1.0024637011887223,0.0016750262400424,0.0010307120814141,0.001024206807548,0.0005776224312742,,1.0009536806192196,22.22359880159682,40.52269455982086,40.46705995498796,22.57682039527146,,1.0015381733019604,0.9945735828957598,0.9677911044541349,0.9189832297200076,0.124411071360631,,0.9945735828957598,1.001123092691419,0.1800114770323837,0.2118263711989,0.2219685851197302,0.0365423267744232,,0.1800114770323837,1.0011321162020663,0.2953797852918727,0.3484518759334778,0.3653054570746268,0.0601863141822338,,0.2953797852918727,1.0013591263958246,-13.997556348596657,-5.313771176576543,-5.876332875661275,3.787666528763826,,-13.997556348596657,1.001376003745264,-0.734522601270239,-0.274735680417792,-0.3037150883682268,0.1970234882285052,,-0.734522601270239,0.8210098604596173,0.8160101262702235,0.2328767123287671,3.6951806423837324e-10,-0.0784264670256947,dynamic,0.5166666666666667
3,AU-SiP,H,WSA,Te,7,Sws,0.15,-42.09056,147.08749,0.508,0.472,0.02,0.98,45211.0,274,274,0.0023753469908853,581.5795401738402,1008.080319727379,0.0090019394784338,0.2179759020334786,0.002073355209982,0.0019622058778624,0.9817387930569128,0.6391782320431167,1.3024307884001785,0.8304817990990904,5.317741829404869e-06,0.0016295762676499,5.063825772854266,-0.0007773637275617,0.5289687,0.83,0.1399999999999999,0.4860712422150955,0.9959782733433734,0.9959782733433734,0.6,24.207687295253585,0.0005,10.0,0.0003834215451791,-9.820688363585216,0.083,-9.754451949568148,1.4681656147732582,1.1284492875861,1.1514788648837757,1.1284492875861,0.510320827489481,0.4704515733195147,0.4800526258362395,0.4704515733195147,0.7023609924071286,100,1216,1216,5,0.1,5,5,0,0,,38.78,,0.6680959811391982,1.0003777068727713,1.002966369096754,125800625.20182882,43850800.291349694,54808589.15470737,42560404.16914758,,125800625.20182882,1.0030646080914485,12548.118215090924,4046.454139847152,4520.41037052698,2985.143203463944,,12548.118215090924,1.0008288489860162,0.9932554204384828,0.5274477325853357,0.5245264270579348,0.2775752336970983,,0.9932554204384828,1.0003465974710135,0.1244862870526763,0.1798829295323355,0.4317055000978009,0.7146530448082526,,0.1244862870526763,1.0003777068727713,0.6961960391670493,0.6679695415318809,0.6382078877594148,0.0842297370225743,,0.6961960391670493,1.000849204937589,0.876064586708408,0.7989971452944312,0.7433654192512538,0.1630855846091847,,0.876064586708408,1.0004874172361626,0.8520220790743765,0.8345105179219072,0.8048825782996812,0.0804475952348939,,0.8520220790743765,1.0003877014623843,0.9307109139940376,0.92108956038043,0.8897206837395536,0.0792334103731108,,0.9307109139940376,1.0005134052921305,0.7929862479584131,0.7688629536999274,0.7224602909209771,0.1174730176381149,,0.7929862479584131,0.9999499987499376,1.2416797816609484,1.2416797816609484,1.2416797816609486,2.220446049250313e-16,,1.2416797816609484,1.0024760146574871,-9.820688363585216,-7.172089502663245,-6.758896551228435,2.320028860777954,,1.0030646080914485,-9.754451949568148,-3.1455666735591192,-3.5140030557414907,2.320542047950253,,1.00070328807473,0.0003834215451791,0.0010638714189218,0.0010569331655448,0.0005501539473928,,1.0034157796474683,24.207687295253585,39.39895057470652,39.6675330960116,22.676237010433244,,1.000578111839482,0.9377846949980052,0.9140667232493894,0.8518575691692257,0.1572517323556079,,0.9377846949980052,1.0013014493382388,0.1406816232737889,0.1722320536016122,0.1818962373610812,0.0342374907390197,,0.1406816232737889,1.001344804714385,0.2519904474181045,0.310663806447248,0.3280256327887767,0.061908464908989,,0.2519904474181045,1.0029286916394395,-15.988282972634863,-5.738653307748322,-6.2814180879938455,4.000557724077369,,-15.988282972634863,1.0028979746565585,-0.8354318108335599,-0.2894515758280667,-0.3180925684873922,0.20503528127341,,-0.8354318108335599,0.4367940868595935,0.431308739147651,0.3347309841384283,1.9740628657885801e-28,-0.2436529143439559,dynamic,0.5166666666666667
4,AU-Eme,H,GRA,Ar,7,Sws,0.2249999999999999,-23.85872,148.47459,0.69,0.0666666666666666,0.2433333333333333,0.7566666666666667,43438.0,365,365,0.0044678676770673,1352.14215177319,2502.8045921709536,0.0122048868210254,0.1272080817897665,0.0015525602409638,0.0015525602409638,2.5595771256791915,0.6287236581308329,2.5595771256791915,0.6287236581308329,1.6079567299599585e-06,0.0009761313541672,5.569541444082554,-0.004831449040806,0.018548026,0.22,0.24,0.7204611490887308,0.8501365536851225,0.8501365536851225,0.8,44.39818498457434,0.0005,10.0,0.0002961783153171,-9.371431929939408,0.031,-8.262920441454536,0.8440809957924265,0.658686792486129,0.8705111794970868,0.658686792486129,0.4103780972417017,0.3413346922812159,0.4511031175522677,0.3413346922812159,0.4480085142045454,100,664,664,2,0.15,5,5,0,0,,37.454,,0.0540143871523922,1.0013583295390869,1.0003869627932127,2196687.6302199727,702024.8133391367,855299.3534800268,630094.444691216,,2196687.6302199727,1.0011109652931751,1710.236488404747,668.5825948661483,738.3688324293569,446.2495348302541,,1710.236488404747,1.0006226922140968,0.8817137555101423,0.5373015630992782,0.537407285379869,0.2643085271949994,,0.8817137555101423,1.000397817098332,0.6380646671992365,0.6100634874394864,1.0611742652466356,1.1373826931715252,,0.6380646671992365,1.0013583295390869,0.2208029451860747,0.0538667817029191,0.0603260438735088,0.0356013411484164,,0.2208029451860747,1.0002251928175887,0.5920718963885829,0.5523151026003831,0.516356740782617,0.1911291412007693,,0.5920718963885829,1.000318817340119,0.6339374455326691,0.5703267889330683,0.535256668928911,0.1297476041615931,,0.6339374455326691,1.000461141688796,0.9906244746743412,0.8312905752879941,0.8293891061918715,0.0446655270429795,,0.9906244746743412,1.0003502286944894,0.6279939489571942,0.4760952849231011,0.4488697474310164,0.1249577409270799,,0.6279939489571942,,2.9091426765581043,2.9091426765581043,2.909142676558104,4.440892098500626e-16,,2.9091426765581043,1.0008382830363072,-9.371431929939408,-7.083004967130723,-6.7652279206159935,2.233471719315223,,1.0011109652931751,-8.262920441454536,-3.230222736665638,-3.567391387201862,2.1560318870157547,,1.0004395682718,0.0002961783153171,0.0010053425637898,0.0010196640599706,0.0005430657064744,,1.0004797412978337,44.39818498457434,39.23187859989735,39.71051921357671,22.627129910949208,,1.0001313222844723,0.6965986604031185,0.7386806639319172,0.678971888587192,0.2105582776679848,,0.6965986604031185,1.0012013664572572,0.2400274534845327,0.2803219268518941,0.289840288188153,0.037747686797215,,0.2400274534845327,1.000909188697193,0.4230782663191205,0.4858427600683783,0.5003138803455571,0.0649956723299908,,0.4230782663191205,1.0008968463335666,-13.669099572223544,-5.759360252027705,-6.190610014160706,3.5144148815458425,,-13.669099572223544,1.00049503773807,-0.5817584604164125,-0.2692479455166262,-0.2923895483896999,0.1675859185851215,,-0.5817584604164125,0.5228949619420702,0.51485606398834,0.3005240138636739,2.7088534225773938e-19,-0.1725982875840717,dynamic,0.5
5,AU-Alp,H,ENF,Bo,7,Sws,0.075,-36.86222,147.32083,0.48,0.48,0.04,0.96,29150.0,121,121,0.0041705585052989,604.1696426756928,1366.4261317210612,0.0123386644191727,0.186477670072221,0.0025543512606232,0.0023008853926903,1.076924083056335,0.5584498038579907,2.1969567465692763,1.1656275461183638,1.0412050217555642e-05,0.0026819753941812,7.791624394,-0.0010583878346804,0.30316,0.96,0.29,0.6510058680422743,0.9147403478513356,0.9147403478513356,0.6,41.86977644804222,0.0005,10.0,3.409838608389032e-05,-9.487521795088792,0.083,-6.789051696427348,3.973966806919121,3.284582308015085,3.4214399041823804,3.284582308015085,0.7675809957924264,0.7068253430608783,0.7362763990217482,0.7068253430608783,0.7318598763020834,100,355,355,3,0.05,5,5,0,0,,35.862,,0.2682646269576448,1.000583196965,1.0008174826814469,53156022.425410606,19665783.65284586,24376923.171876226,19251662.65426567,,53156022.425410606,1.0017259986220015,6414.521665847731,2762.8012329042945,3138.632311443056,2144.914761316931,,6414.521665847731,1.0018787260811906,0.7155769275746692,0.4932916346575547,0.499415575440131,0.2823989816029745,,0.7155769275746692,1.0003232015306935,1.8816228137589504,0.2017492234415975,0.5404866325645573,0.8550421087890187,,1.8816228137589504,1.000583196965,0.5293201400134455,0.2681093571849968,0.2658746876081942,0.0993245123172558,,0.5293201400134455,1.0009886512442938,0.3154208192562096,0.7121323191170369,0.6539568004637716,0.1815308501940142,,0.3154208192562096,1.000328728380674,0.9662262510374404,0.9872333757685388,0.9836401807748126,0.0120225101861188,,0.9662262510374404,1.000206180610421,0.6438077986839081,0.8487643553281456,0.8398328389667098,0.1227859659053401,,0.6438077986839081,1.000223199282014,0.6220639957110197,0.8377423478161767,0.8271874499002093,0.126068583319444,,0.6220639957110197,1.0382760651676413,1.9145184319564468,1.9145184319564468,1.9145184319564457,1.1102230246251563e-15,,1.9145184319564468,1.0011565956338075,-9.487521795088792,-7.149326395443731,-6.745900281443174,2.303198405325185,,1.0017259986220015,-6.789051696427348,-2.924115214546026,-3.321890255966279,2.2701516898043392,,1.001229267312136,3.409838608389032e-05,0.0009813861215869,0.0009910608095637,0.0005748109050586,,1.0016017115983673,41.86977644804222,41.019538034781775,40.76177477921235,22.76531769184222,,1.0006944597849703,0.3679641063617,0.9041755152708354,0.8262586995330498,0.1819657702341107,,0.3679641063617,1.001016591998503,0.3010186253972819,0.3348611461214368,0.3462132605080315,0.0426126783132743,,0.3010186253972819,1.0010202737881595,0.4574004698134322,0.4918345936800585,0.5081851313725472,0.0622045975557748,,0.4574004698134322,1.00156962967448,-12.22501697408169,-5.329913628268019,-5.910843433906834,3.884423651133333,,-12.22501697408169,1.001706627208886,-0.4693383995149933,-0.2666090427612811,-0.2972205032487698,0.1975201840403161,,-0.4693383995149933,-0.6978509074333565,-0.7811781175878851,0.2484661393015628,2.897124459276155e-10,-0.0655031366617038,dynamic,0.4666666666666667
7,AU-YarI,H,GRA,Te,7,Sws,0.15,-33.62081,150.76329,0.754,0.1939999999999999,0.052,0.948,42314.0,364,364,0.002558342937529,604.2077710550828,1297.272522210856,0.0133561681447301,0.2196530169392014,0.0029337226277372,0.0029337226277372,0.8720466322687935,0.5835095660753953,0.8720466322687935,0.5835095660753953,7.799975885511316e-06,0.0017118552174965,2.00061668940325,-0.0011110747893839,0.19549068,0.45,0.0,0.1925447272831158,0.9524397854497354,0.9524397854497354,0.6,4.623707813790748,0.0005,10.0,0.0019540102186351,-6.298628866327503,0.083,-4.167914807085134,1.2371446937821409,1.047163112633872,1.104602439487207,1.047163112633872,0.575038218793829,0.5378640077290411,0.5673670967605919,0.5378640077290411,0.527377287037037,100,685,685,2,0.1,5,5,0,0,,37.70399999999999,,0.4945040059903159,1.00095953892398,1.0011751048171331,8060865.646557186,15756758.63682907,19329727.11443988,14883481.579108031,,8060865.646557186,1.0009744417526367,3751.245952935268,2884.123188954049,3224.116171270946,2116.806923346601,,3751.245952935268,1.0002855671196969,0.6617177953390498,0.5266227790000542,0.5239241929582403,0.2787841024815869,,0.6617177953390498,1.0013923954266095,0.0708948485104856,0.2139561937500486,0.5089225181957555,0.8009345271878755,,0.0708948485104856,1.00095953892398,0.5722067117058043,0.4965899534066853,0.4715148834847434,0.0883697058557192,,0.5722067117058043,1.0018789348780504,0.9303171911735616,0.8597567870682116,0.7942013877324232,0.1708614660039387,,0.9303171911735616,1.0017016363448388,0.7988968927892479,0.7799650707952289,0.749196454507977,0.0776835046926041,,0.7988968927892479,1.0014025756011986,0.7451881899981355,0.6886874205158335,0.6645574754266732,0.0776910911059346,,0.7451881899981355,1.0016074867549791,0.5953285295327542,0.5364449683316509,0.503595283410664,0.0955001063348141,,0.5953285295327542,0.9999499987499376,0.8859386751149622,0.8859386751149622,0.8859386751149624,2.220446049250313e-16,,0.8859386751149622,1.00170961374249,-6.298628866327503,-7.276275023591237,-6.856137290203799,2.2859048153132138,,1.0009744417526365,-4.167914807085134,-3.2044765647246303,-3.5822341959444137,2.3519308065239173,,1.0035829508344527,0.0019540102186351,0.0010835740997082,0.0010670619382383,0.0005458113811406,,1.0002213415329633,4.623707813790748,40.39952337628471,40.45226203466075,23.11763795959429,,1.001936575033086,0.9649824401654156,0.8987001717089005,0.8317851412464404,0.1675936291670904,,0.9649824401654156,1.0009302231502415,0.0126830047775473,0.013886605900684,0.0170635046554493,0.0095455659715318,,0.0126830047775473,1.0010047035351557,0.0557463488316304,0.0622036491252989,0.0760028468648928,0.0420643065509163,,0.0557463488316304,1.0010528533248355,-6.925780195083205,-5.7769221334808885,-6.277205016083022,3.930924445395816,,-6.925780195083205,1.0011389536883464,-0.3581654026005831,-0.2876440589667624,-0.3163940964570976,0.2009491368943462,,-0.3581654026005831,0.9342372678554848,0.9348629215085202,0.098950104989501,0.017309819780191,0.0629986356045886,dynamic,0.55
8,AU-Ync,H,GRA,Ar,10,Sws,0.15,-34.9878,146.2908,0.7291666666666667,0.0591666666666666,0.2116666666666666,0.7883333333333333,40905.0,184,184,0.0032252945367031,558.9941031005905,1829.1575033180025,0.0109435432088665,0.1335755611389966,0.0015308179564858,0.0014617899249732,2.342680177685091,0.6218130169845013,1.9799991902638805,0.6702032800350002,3.404254714063326e-06,0.0009796964024391,3.2263584795800755,-0.0026264011719953,0.029410695,0.39,0.06,0.4700569141565345,0.8486095975783475,0.8486095975783475,0.6,29.24916567697471,0.0005,10.0,0.0001429803324446,-9.895104188324726,0.083,-6.949761693373517,0.951065584719161,0.7100513946380543,0.9006994435155024,0.7100513946380543,0.4672833433513657,0.3737720875055036,0.4741294978928165,0.3737720875055036,0.4932487535612535,100,1866,1866,11,0.1,5,5,0,0,,38.324,,0.2549225062401862,1.001035219159672,1.0026240583523744,4034251.0577850738,1932111.5722484996,2374800.556253864,1818667.6485704824,,4034251.0577850738,1.0029583207683792,2646.1158209481064,1241.410123135825,1387.464985416954,888.0390832843634,,2646.1158209481064,1.0009517841190505,0.7023434580480283,0.5319046637008041,0.5291807962060593,0.2739262525860594,,0.7023434580480283,1.0002231316227332,1.117524321345132,0.4510295985941454,0.88423280529122,1.0868825710740289,,1.117524321345132,1.001035219159672,0.3573641749219352,0.2554729739808216,0.255767163374083,0.041198682373973,,0.3573641749219352,1.0002445116179015,0.497688967835614,0.6830826177361186,0.6287462893509463,0.1990528140226256,,0.497688967835614,1.000226386317378,0.617405807491873,0.6919339143319722,0.6491523932878565,0.1183817398810506,,0.617405807491873,1.000052512642667,0.8808942953052362,0.8966560023804255,0.8871113443974808,0.0430974946238204,,0.8808942953052362,1.0001714793489385,0.5438692537079138,0.622152750153708,0.5803517911576249,0.1229706185049625,,0.5438692537079138,,2.2354089204305936,2.2354089204305936,2.2354089204305936,0.0,,2.2354089204305936,1.0028952324117328,-9.895104188324726,-7.350338735979167,-6.918785656729866,2.251900165766728,,1.0029583207683792,-6.949761693373517,-3.260441002330809,-3.6440396638015855,2.3323468891157195,,1.0009903436197587,0.0001429803324446,0.0010065626966076,0.0010107399498449,0.0005543773735892,,1.0031005140092912,29.24916567697471,40.45541702403864,40.50423707109845,22.822601314469026,,1.000115007327853,0.5504921920144125,0.7990318038123487,0.7306616600885206,0.2047542442400554,,0.5504921920144125,1.0013465943285735,0.0736337011540928,0.0921867695284312,0.1004614561364181,0.0283553116976092,,0.0736337011540928,1.0012922260655468,0.1976532016377686,0.235852524564587,0.2563524414442206,0.0710870832065598,,0.1976532016377686,1.0029380250067543,-11.873478855049326,-5.750575592335482,-6.214195863430923,3.719714733393365,,-11.873478855049326,1.00238749701312,-0.4909391157605396,-0.2776179941092242,-0.301351666560642,0.1828181804251235,,-0.4909391157605396,0.4613109651451735,0.454377298455599,0.2809026707189945,9.359517723466393e-22,-0.3084331674393487,dynamic,0.55
9,AU-DaP,H,GRA,Tr,2,Sws,0.075,-14.0633,131.3181,0.7883333333333333,0.1,0.1116666666666666,0.8883333333333333,43200.0,152,152,0.0044276750508081,928.6055842416172,1699.5728828867138,0.0170067989312632,0.524276873380204,0.0039797455860294,0.0089162713698884,1.0665247874819046,0.4486900275303589,0.4962367900418811,0.3588159146038313,1.173794583601335e-05,0.0031993000664424,6.26524846,-1.08952636860546e-05,0.7991999999999999,0.23,0.1,0.2824607873178572,0.8790991093894539,0.8790991093894539,0.6,50.91503154796026,0.0005,10.0,0.001264710748026,-8.025264253701444,0.083,-7.930229624785594,2.8447506976232426,2.40108055709176,2.702904942317178,2.40108055709176,0.6858861955307433,0.622965506556114,0.7012744914327738,0.622965506556114,0.6524313134057971,100,538,538,4,0.05,5,5,0,0,,38.604,,0.1826720777845184,1.0001392536038023,1.0002747927128606,170021508.48121223,51236815.93884119,63479059.64653591,49621083.38964893,,170021508.48121223,1.0007884822300566,727860.2751887406,283776.181677475,317887.1663793387,212473.05803203068,,727860.2751887406,1.0000955250849677,0.9881580685804808,0.5158883708131071,0.5154518129374172,0.2801023738553333,,0.9881580685804808,1.0003038164451097,0.0425606537504844,0.174761855152742,0.4761523361896533,0.813320484476223,,0.0425606537504844,1.0001392536038023,0.231526881217817,0.1825815428134235,0.176137865926636,0.033651331478509,,0.231526881217817,1.000343428311122,0.833901471025078,0.7519224548017165,0.6957739353900094,0.1491362555302225,,0.833901471025078,1.0004758737562534,0.9627348438272164,0.9579746778952132,0.949834253129064,0.0290941870299752,,0.9627348438272164,1.0002693129775446,0.3734293803017172,0.3190345593811269,0.3096338174587842,0.0471611684382193,,0.3734293803017172,1.0002790068153142,0.3595134761252679,0.3052694133619216,0.295160698533076,0.0487736759765915,,0.3595134761252679,,0.5110130312960052,0.5110130312960052,0.5110130312960052,0.0,,0.5110130312960052,1.0018985273625558,-8.025264253701444,-7.169134277361946,-6.765227981757475,2.316863291146595,,1.0007884822300566,-7.930229624785594,-3.0918163271978267,-3.463464500115606,2.314949993441356,,1.0000100109641992,0.001264710748026,0.0010384071062564,0.0010300627512211,0.0005612905462479,,1.0022254177813394,50.91503154796026,41.4697569001836,41.18172789381856,22.74491879285175,,1.000345823549439,0.9787251495205296,0.9163390239134476,0.8451142689879734,0.1716401667560102,,0.9787251495205296,1.000463155110922,0.1655742475306048,0.1808719123973381,0.1835825814014886,0.0145714011122615,,0.1655742475306048,1.0004690237667897,0.2649950782695683,0.2904694612592905,0.2947752068760594,0.0232478887314215,,0.2649950782695683,1.0005834831034757,-0.8520046499276448,-0.4897699400078415,-0.5058767986152257,0.228303071735907,,-0.8520046499276448,1.0005515105624836,-0.044750323719938,-0.0251794732880612,-0.0259693703798461,0.0113394165944261,,-0.044750323719938,0.4156165689139623,0.4022231567119098,0.3022508529816163,4.693009087401867e-18,-0.2477808441366621,dynamic,0.5333333333333333
10,AU-Fog,H,GRA,Tr,7,Sws,0.15,-12.5452,131.30721,0.6566666666666667,0.1866666666666666,0.1566666666666666,0.8433333333333334,43148.0,302,302,0.0044966463591806,984.0320261674856,1567.6343925761694,0.0210182013770559,0.2539420913943689,0.0045486196319018,0.0053374060150375,1.1619636611944677,0.3178603546698916,0.977499231325242,0.2775201279518552,3.188309340359836e-06,0.0014812376002242,9.52127031,-0.0020190384245517,0.04401096,1.0,0.39,0.7531988210247542,0.9986085,0.9986085,0.6,59.74895733376532,0.0005,10.0,0.0019123924782434,-9.7320823656086,0.083,-9.631663026321714,2.492079986568416,1.8104833143979624,2.1468181593651727,1.8104833143979624,0.6545472625726307,0.5541333338405284,0.6570750994156463,0.5541333338405284,0.9879340625,100,532,532,2,0.1,5,5,0,0,,38.66,,0.5231903424363294,1.0012950847989674,1.0017157301709638,8577069.210400784,1975343.2761714435,2450720.1404817062,1867178.4117681845,,8577069.210400784,1.0023428941600716,4770.420864308291,1581.6998188191485,1752.9098619650388,1136.9674522312366,,4770.420864308291,1.000956629444513,0.9896816184333016,0.528176572644903,0.5253863166251538,0.2770013744497646,,0.9896816184333016,1.001082056659372,0.0312503747766911,0.2256736579335496,0.5252878280652772,0.7998933849948914,,0.0312503747766911,1.0012950847989674,0.5641170038778928,0.5226108041422868,0.4945992050422582,0.0763928349489261,,0.5641170038778928,1.00180654482888,0.865936748716888,0.6970980278093084,0.645206957401962,0.1699945046796711,,0.865936748716888,1.0013579451807435,0.9261886765689832,0.9102358186601492,0.8930416631398773,0.0479508494997876,,0.9261886765689832,1.0016240578124418,0.7225362065624127,0.672555832918714,0.6338093372457189,0.097913190364751,,0.7225362065624127,1.0016457926648965,0.6692048529292145,0.6120201062401955,0.5705017991357697,0.1063619468489545,,0.6692048529292145,1.0671340122027786,0.8572462916563569,0.8572462916563569,0.8572462916563574,4.440892098500626e-16,,0.8572462916563569,1.0015061289278673,-9.7320823656086,-7.157954163939996,-6.786002080385444,2.2592571443882736,,1.0023428941600714,-9.631663026321714,-3.1935127103023704,-3.539192366083083,2.2955809735195505,,1.0030333190242706,0.0019123924782434,0.0010462452014633,0.0010418874994524,0.0005571530182787,,1.001597166048873,59.74895733376532,39.75921332168605,40.19925231090054,22.773399064114518,,1.0017983564612012,0.9843773709513168,0.8932834019582856,0.8252081406254697,0.1715081584802336,,0.9843773709513168,1.0009696219996695,0.392114377757891,0.436111283685677,0.4466141019400269,0.0401258279350239,,0.392114377757891,1.0010885865406725,0.5343415883468546,0.5976664924302368,0.6115021756385804,0.0549070123784502,,0.5343415883468546,1.0020953011129283,-15.009683489045123,-5.453004895211418,-5.80677060744849,3.4708790684480024,,-15.009683489045123,1.00222137333287,-0.7882313005207932,-0.2713561970982667,-0.2921760546590806,0.1769431527331857,,-0.7882313005207932,-7.901624274770619,-8.123295219249913,0.7834534967555876,1.4849229737462342e-132,-0.2314879171836097,dynamic,0.45
11,AU-Stp,H,GRA,Ar,7,Sws,0.075,-17.1507,133.35021,0.604375,0.025,0.370625,0.629375,43470.0,152,152,0.0054178082385843,1937.773401519388,3258.702754551878,0.0156791179640559,0.1579288528202836,0.0017100671253844,0.0024761851132972,2.452525256345804,0.7102510959382733,1.898855457590034,0.7888417063498184,3.4385065204786487e-06,0.0019533180900114,2.398625466425562,-0.0010910634580147,0.0621621,0.52,0.01,0.2511655042451458,0.4727766055488782,0.4727766055488782,0.8,69.76079613671345,0.0005,10.0,0.0002061628695417,-9.48519074298755,0.031,-4.903045161532914,0.8598971482000936,0.6879397398317647,1.0930522182033997,0.6879397398317647,0.3909666990326177,0.3322998316456769,0.527983843726994,0.3322998316456769,0.2087211274038461,100,1268,1268,9,0.05,5,5,0,0,,37.92999999999999,,0.1127072309790623,1.000682650833476,1.0003121965366126,7821481.362918319,3482680.5243632607,4196340.467346259,3082950.634124939,,7821481.362918319,1.0003348157364975,4493.822174609601,3071.3035578703043,3365.949102692237,2082.675810661884,,4493.822174609601,1.0002204507664298,0.5169158211349372,0.5465390159757106,0.5413192966829361,0.271430873422588,,0.5169158211349372,1.0005460848730274,1.7922857312387697,0.6456362594080461,1.142185586793473,1.208930279496401,,1.7922857312387697,1.000682650833476,0.163246751241109,0.1128085588116779,0.1126230879811922,0.0236846247310555,,0.163246751241109,1.000475122061533,0.3988688328822533,0.6299852167244958,0.581507764639169,0.2038342458847012,,0.3988688328822533,1.0004639983212449,0.4872945760435828,0.5943168911733906,0.5537102553914537,0.1116627675140141,,0.4872945760435828,1.0003721056817647,0.7231156367121782,0.7487886356562284,0.7458639518727093,0.060568564510238,,0.7231156367121782,1.000429852435316,0.3523703276221462,0.4480518495943505,0.4192884857186921,0.1093059160965265,,0.3523703276221462,0.9999499987499376,2.2073356475764347,2.2073356475764347,2.207335647576435,4.440892098500626e-16,,2.2073356475764347,1.0000855890661715,-9.48519074298755,-7.224499471588121,-6.848023098397767,2.232406435695384,,1.0003348157364975,-4.903045161532914,-3.3509870804629784,-3.672464067485035,2.2723314719044274,,1.0004282688566428,0.0002061628695417,0.0011003134860713,0.0010820598263418,0.0005390008430413,,1.0007423020369797,69.76079613671345,40.10345103854876,40.16991520623026,22.74015160598498,,1.0005080330951155,0.4427243461992073,0.724995976446337,0.6666274302511123,0.2131245985858174,,0.4427243461992073,1.0003908976955906,0.0239999908463456,0.0288956048971464,0.0325212521796956,0.0113939210033729,,0.0239999908463456,1.0003448665923065,0.087683720526923,0.1031947932614444,0.1153686888877464,0.0392841200583883,,0.087683720526923,1.0002186981104568,-8.377548943570279,-5.367080106234135,-5.559279932060515,3.02480634331406,,-8.377548943570279,1.0001918876390783,-0.3744479792458927,-0.2533468838576738,-0.2643229048039054,0.1445282673231195,,-0.3744479792458927,0.7642099361873069,0.7539580000636341,0.4296400328421416,1.1581392327419412e-47,-0.2521858813228296,dynamic,0.6
12,AU-Wal,BL,EBF,Te,12,Sws_40cma,0.6000000000000001,-37.4259,145.1878,0.21,0.7825,0.0075,0.9925,42879.0,363,363,0.0018231061232262,377.79864829931967,1185.9665634709072,0.004544321394235,0.3104537230136249,0.0014108014954107,0.0014108014954107,1.02171901887273,1.199838034750103,1.02171901887273,1.199838034750103,6.296581117067667e-06,0.0016927332936761,10.43588723,-0.0052647020683582,0.0119203619999999,0.42,0.47,0.846412109917932,0.9532366071428572,0.9532366071428572,3.5,27.44663750662617,0.0005,10.0,1.4793685473401769e-05,-9.507731652068893,0.091,-5.128182907463552,4.68971064582916,4.03048839612816,4.060945487282781,4.03048839612816,0.8451584567589626,0.8209568102578478,0.8271605141137005,0.8209568102578478,0.8811259920634922,100,604,604,2,0.4,5,5,0,0,,38.30800000000001,,0.2678618889640428,1.0015962609647522,1.0006428814651758,1033846.2099241453,616136.085969604,770915.4156254521,617492.9795564639,,1033846.2099241453,1.0002570398767203,974.0689674131364,557.6269736039036,634.8273996350644,439.97132997012113,,974.0689674131364,1.0000957129808634,0.5393697566493323,0.5017367124256501,0.5051697657264635,0.2841874356382334,,0.5393697566493323,1.000958401316491,1.3904959822816212,0.0478740353775698,0.2005787709907363,0.5145638008058122,,1.3904959822816212,1.0015962609647522,0.7523364629516957,0.2682613083987407,0.3032884054888337,0.0870483734468084,,0.7523364629516957,1.0005553302639465,0.4041670641676104,0.7043976537370897,0.6564798392182267,0.1575849048954804,,0.4041670641676104,1.000389888916687,0.989131293297402,0.9955931825603054,0.9944983275112318,0.00644571427783,,0.989131293297402,1.000455719212196,0.7908080740304789,0.8374285764740744,0.829865970935939,0.049389085802743,,0.7908080740304789,1.000478489402395,0.7822130130157953,0.8337625285042484,0.8255402943434786,0.0505296159126761,,0.7822130130157953,0.9999499987499376,1.5709045192066935,1.5709045192066935,1.5709045192066933,2.220446049250313e-16,,1.5709045192066935,1.0007753330190252,-9.507731652068893,-6.997069035236493,-6.64864749919964,2.327919609498674,,1.0002570398767203,-5.128182907463552,-2.9357398813048388,-3.342177123909232,2.31631797091204,,1.0021463400557584,1.4793685473401769e-05,0.0009770980030322,0.0009831944541166,0.0005825411074091,,1.0007405591876763,27.44663750662617,39.487701745766834,39.82495731801466,22.57658895245197,,1.0011556889578563,0.5150631635285343,0.9763765891819312,0.9288042371097432,0.1224591101885764,,0.5150631635285343,1.0002552012986268,0.4889207330898095,0.5152487595218478,0.5290005299660492,0.049160658118801,,0.4889207330898095,1.0002370968125138,0.6591665796717107,0.6844060409871104,0.702106789164119,0.0659451105294918,,0.6591665796717107,1.0002879951568366,-9.21395837489669,-5.330063493205285,-5.884479137751344,3.909368822631573,,-9.21395837489669,1.0003160764694123,-0.4076802639797405,-0.2754355883219713,-0.3051979625151297,0.2041450979589909,,-0.4076802639797405,-0.0277251469234069,-0.0609374291137991,0.294457044361789,6.502102733944068e-18,-0.0790415627272041,dynamic,0.4333333333333333
15,AU-Adr,M,GRA,Tr,3,Sws,0.075,-13.0769,131.1178,0.9333333333333332,0.0566666666666666,0.01,0.99,46831.0,226,226,0.0047681340609475,1401.2019524231002,2272.024810346073,0.0128232205437377,0.428702377378044,0.0035850574712643,0.0054973451327433,1.3227215591052006,0.7036543352276234,0.9597078428953482,0.584728076557021,7.327334554433759e-06,0.0032144520456391,6.639675,-0.0001554656151,0.4776762,0.34,0.1699999999999999,0.4526716715166377,0.9527973881740196,0.9527973881740196,4.0,78.49541605548997,0.0005,10.0,0.0018542421678525,-9.122685635147922,0.12,-8.8854659365239,1.8634059499154336,1.4700250640147705,1.4848738020351215,1.4700250640147705,0.5669283204212027,0.4898333808745856,0.4947811928026117,0.4898333808745856,0.7057153523284313,100,226,226,1,0.05,5,5,0,0,,39.214,,0.2671029934034444,1.0000280618533617,1.002678347948573,131281296.99274342,28594185.543483905,35428131.98468974,27570463.29949608,,131281296.99274342,1.001985527321381,57153.89818390717,20021.790395106684,22445.174941045483,14806.59946442143,,57153.89818390717,1.001252460352476,0.9739967255135856,0.5204464890830267,0.5197237354815608,0.2794651619847453,,0.9739967255135856,1.0007923358367603,0.042038153037529,0.2915634624614935,0.6617578125224021,0.9450653498979228,,0.042038153037529,1.0000280618533617,0.3329995196572766,0.2670522567264198,0.2629452237265247,0.0309461949542337,,0.3329995196572766,1.0005200665413445,0.8790536632753932,0.7333054315053095,0.6715947116163824,0.176515711235462,,0.8790536632753932,1.0009225014699092,0.894284589820908,0.8720561184956885,0.8467937591742987,0.0676288326800776,,0.894284589820908,1.000512286232039,0.6001754669872055,0.5189448286431152,0.5012217072601906,0.0658919378871948,,0.6001754669872055,1.00055734363917,0.5367276713152249,0.453351887148041,0.4286430708389277,0.0787756863198476,,0.5367276713152249,1.0671340122027786,0.8877050397061459,0.8877050397061459,0.8877050397061462,3.3306690738754696e-16,,0.8877050397061459,1.0008527652842305,-9.122685635147922,-7.15257916870355,-6.76166941138097,2.282156162101104,,1.001985527321381,-8.8854659365239,-3.1126999591785327,-3.4894529282367426,2.301917093275608,,1.001379322638819,0.0018542421678525,0.0010109070381608,0.001015623619635,0.0005530297031866,,1.0023271435866974,78.49541605548997,40.924759033714,40.931408819419175,22.764199423555706,,1.0007776635291743,0.978992645201478,0.8643686650558909,0.7910108541302064,0.1904195121306501,,0.978992645201478,1.0005373250051544,0.1953066004837878,0.2212788143680994,0.2277227952664304,0.0249698629187533,,0.1953066004837878,1.0004701633747763,0.3045147718461535,0.3472350143443184,0.3572888458281255,0.038875378892214,,0.3045147718461535,1.002083209825532,-7.962390608262729,-3.4755292296427407,-3.5840887862641657,1.875985160860464,,-7.962390608262729,1.0016799252968434,-0.4171641502359257,-0.1744797108867765,-0.1796017291494412,0.0929292706780373,,-0.4171641502359257,0.1722955453680865,0.1490426469912216,0.410958904109589,1.2021903473759298e-21,-0.2463616477222888,dynamic,0.5166666666666667
17,AU-Lit,M,SAV,Tr,7,"Sws_20cma, Sws_20cmb",0.3,-13.17904,130.79454,0.7311111111111112,0.1888888888888888,0.08,0.92,46774.0,274,274,0.0042070236969265,1066.5054330979876,1999.1413612599429,0.0223463878445737,0.214215381690021,0.0036807077522831,0.0047869400015186,1.2811842088190353,0.7734161845394623,1.0174415166412576,0.6477815474954657,1.0043508169531384e-05,0.0031008914019516,5.43092623813676,-0.0001736962703999,0.18382182,0.3,0.12,0.3872922653389096,0.8299862892361111,0.8299862892361111,4.0,61.34602385668875,0.0005,10.0,0.0016841879949728,-9.05913336732258,0.12,-9.01329393531187,2.3005793492277964,1.7806012437166066,1.9354361344745723,1.7806012437166066,0.6310233325374414,0.5521922451767267,0.600208962148616,0.5521922451767267,0.4886348541666667,100,1317,1317,5,0.2,5,5,0,0,,38.798,,0.4412594492427042,1.0007429991514358,1.0005059215846095,25673448.65138132,6417090.871452595,7869003.450614847,6039922.06643227,,25673448.65138132,1.0006403548259544,51891.11956494762,18520.88235282634,20413.335271189288,13233.277957248263,,51891.11956494762,1.000261091415949,0.9949399760272812,0.5310412750569339,0.5234937582044437,0.2772084232607562,,0.9949399760272812,1.0009063993011127,0.0332758894666937,0.1934215412045986,0.4754284491058206,0.760163913162472,,0.0332758894666937,1.0007429991514358,0.4944435508448652,0.4416303205058501,0.4316433558327323,0.0485822469632552,,0.4944435508448652,1.000696802082763,0.8610629987025457,0.7496667244602842,0.6950730422762886,0.1525913548071884,,0.8610629987025457,1.000811494148565,0.9237798049336736,0.9122742144906496,0.8963361823802821,0.0449110988019091,,0.9237798049336736,1.0007764968619306,0.70411634482186,0.6484884860995971,0.6200641838347056,0.0817845490617613,,0.70411634482186,1.0007714401336227,0.6504484596701491,0.5924124185691886,0.5592958682757304,0.0906504255680748,,0.6504484596701491,0.9999499987499376,0.893087049924271,0.893087049924271,0.8930870499242707,3.3306690738754696e-16,,0.893087049924271,1.0008217979268996,-9.05913336732258,-7.226967450961112,-6.820743857023725,2.274385170948636,,1.0006403548259544,-9.01329393531187,-3.2170081892031117,-3.5457202030303523,2.2985710263405528,,1.000351444260324,0.0016841879949728,0.0010488789585004,0.0010468018058098,0.0005581412411417,,1.001356343234042,61.34602385668875,41.23248995132762,41.09259978467869,22.71574230909511,,1.0007234978786717,0.983363479442123,0.9078729881939964,0.8399444076663408,0.1657890940895711,,0.983363479442123,1.000299157312014,0.1531626049235851,0.1748544234522801,0.1798566606120273,0.0206805483254695,,0.1531626049235851,1.000360518814963,0.2634387562360664,0.3023963985318225,0.3110247413646507,0.0356472889272875,,0.2634387562360664,1.0003221232405066,-4.625576158974951,-2.2529828686377207,-2.3046312289509427,1.0914068680453384,,-4.625576158974951,1.000395300295603,-0.2432408366800549,-0.1150113195705565,-0.1175459380191492,0.0550492918600351,,-0.2432408366800549,0.9353722703691792,0.9347405110998204,0.1541756378652188,2.117657473675805e-06,-0.010764703500012,dynamic,0.5333333333333333
18,AU-Gre,M,SAV,Ar,3,Sws,0.15,-30.1914,120.65416,0.6618181818181819,0.0772727272727272,0.2609090909090909,0.739090909090909,42884.0,365,365,0.0051628874159551,1526.8991621887103,3506.9107209257463,0.0097197434377962,0.0765698282965681,0.0007442390861187,0.0007442390861187,5.119294355448172,0.6501877896291498,5.119294355448172,0.6501877896291498,1.848189449473626e-06,0.0004838951663591,6.204766185470063,-4.17471219e-05,0.37180428,0.46,0.12,0.3464407351219363,0.7441927710835905,0.7441927710835905,3.5,70.46462643257654,0.0005,10.0,7.455368938438061e-05,-9.988969443415517,0.091,-7.166919682390637,0.4517268583450209,0.4079385102736198,0.5519463238634463,0.4079385102736198,0.296161757830762,0.2661159171327282,0.3600584364649459,0.2661159171327282,0.2636541126626819,100,2543,2543,8,0.1,5,5,0,0,,5.486,,0.0136678054214148,1.0044157263973337,1.0084155519651992,50996480.60831364,22967175.67985845,25326825.539668493,12578494.197071256,,50996480.60831364,1.012076651335061,171674.58153302388,107466.74106703264,112862.2109042297,46685.35595916976,,171674.58153302388,1.001914465977992,0.7174833923548435,0.7631227980427304,0.7224471815317498,0.1969661002930846,,0.7174833923548435,1.0005057286300654,5.523329908389592,3.70191142782569,3.776892183071808,1.188782696258651,,5.523329908389592,1.0044157263973337,0.0382117103959009,0.0130380682722762,0.0143632713544436,0.0093285873209781,,0.0382117103959009,1.0023543838877111,0.1012724385831742,0.1526789241268255,0.1435012338073807,0.0598009972160521,,0.1012724385831742,1.0026081002435994,0.1574624145634474,0.193402151106497,0.1796894585963152,0.062467742798447,,0.1574624145634474,1.002830392335773,0.9975417661242972,0.9984811133310916,0.9973220307785255,0.0064669512344893,,0.9975417661242972,1.0026017399776572,0.1570753351218176,0.1931727053708374,0.1796076375578844,0.0631519277000255,,0.1570753351218176,1.0671340122027786,6.995858907949121,6.995858907949121,6.995858907949125,3.552713678800501e-15,,6.995858907949121,1.0184403597471112,-9.988969443415517,-6.900226586711756,-6.686688113131945,2.2306129219061006,,1.012076651335061,-7.166919682390637,-4.486427139521148,-4.711672476522388,1.9489792461723516,,1.0113421473085202,7.455368938438061e-05,0.0001935227186684,0.0002140062001016,0.0001064383792962,,1.005975258182465,70.46462643257654,45.99422241058552,44.933198976078565,21.69169297571331,,1.00233561833463,0.1171889152873199,0.1849458521493081,0.1740591737980384,0.0732011078392669,,0.1171889152873199,1.0063915531191154,0.1551740843491298,0.1714857230622717,0.1703398667001844,0.0103519096686131,,0.1551740843491298,1.0079280380787394,0.2543803427993753,0.2850934623645993,0.2838685894257279,0.0158316215563391,,0.2543803427993753,1.0053461445620122,-4.3792955845537085,-2.3553906350156875,-2.7061904018255225,1.3604276405284108,,-4.3792955845537085,1.00719981165356,-0.2039210772218311,-0.1005317331782707,-0.1113720445167814,0.0460008888203109,,-0.2039210772218311,0.6035924988329017,0.594924092042731,0.2677691648845339,1.1409780723300481e-20,-0.2695267893773028,dynamic,0.3166666666666666
19,AU-Rgf,H,CRO,Te,2,Sws,0.075,-32.5061,116.96683,0.7811111111111111,0.0411111111111111,0.1777777777777777,0.8222222222222222,40312.0,124,124,0.0031420937735554,493.55946033602754,1314.488178698388,0.0114985855042175,0.2044302157560573,0.0016132253819921,0.0023506583155166,1.8191381142541565,0.5089762248899676,1.0745094521094047,0.5287960188158095,5.725468461414452e-06,0.0012430187588414,3.185681941517571,-1.40431944e-05,0.8384896000000001,0.4,0.0,0.0901168692559342,0.797929687499999,0.797929687499999,0.6,75.87709587969125,0.0005,10.0,0.0003265132258523,-9.661359258098669,0.083,-8.708025263355056,2.692981533426835,2.1310479334781163,2.5918150542301417,2.1310479334781163,0.7622265795097842,0.6750566109738269,0.82101479713033,0.6750566109738269,0.4933089516666666,100,570,570,5,0.05,5,5,0,0,,31.544,,0.4103761165894724,1.0001261509365074,1.001493086213856,336952689.71124524,63354699.25918294,89640432.77300775,75116665.58516157,,336952689.71124524,1.0004447997652872,620088.6361976913,190619.13807989884,234330.10173377505,166735.64783589845,,620088.6361976913,1.0006658521509388,0.901325065213316,0.4896693081511259,0.5001024392121343,0.2855484876302887,,0.901325065213316,1.0002678230788322,0.1286385453513635,0.1762294269667947,0.4668681228086304,0.7870224677936207,,0.1286385453513635,1.0001261509365074,0.7378888641653476,0.4105743933702329,0.3787860175953187,0.1730141801630008,,0.7378888641653476,1.000254273964813,0.8818899752573158,0.8454133689425787,0.7823591608256275,0.1604140397912302,,0.8818899752573158,1.000212415149539,0.9582407506161889,0.9547486868091308,0.9452531170595092,0.0298266566548009,,0.9582407506161889,1.0001816968317048,1.0363459276169715,0.7832860925768825,0.7549074637565688,0.1681020568352265,,1.0363459276169715,1.00019327406014,0.9930688995777172,0.7449650600257715,0.7162714230476774,0.1683106273123633,,0.9930688995777172,0.9999499987499376,1.3881398856339064,1.3881398856339064,1.3881398856339062,2.220446049250313e-16,,1.3881398856339064,1.0012095268940726,-9.661359258098669,-7.068412559933212,-6.623191112732738,2.3847584255236933,,1.0004447997652872,-8.708025263355056,-2.676901612416462,-3.29074317241918,2.341501115969461,,1.0002720206415427,0.0003265132258523,0.0009940166480427,0.0010017059099143,0.0005675617693304,,1.0019330937535642,75.87709587969125,42.05805843476986,41.21823804823702,22.960944756219767,,1.0002555113915037,0.9361109881899368,0.9158434256533888,0.8465028764662287,0.1691163691748198,,0.9361109881899368,1.0009578689405372,0.026138098376239,0.0338196630612424,0.0346865134868115,0.0060210178392032,,0.026138098376239,1.0009372465297297,0.0662965732622511,0.0858445310484221,0.0880221343284359,0.0151580205278702,,0.0662965732622511,1.0015090025448803,-1.5471327591668669,-0.680870915137018,-0.7427541547595222,0.3508581137165216,,-1.5471327591668669,1.0015572803586437,-0.0797664911841687,-0.0350201755633194,-0.0380965500341047,0.0175572208571441,,-0.0797664911841687,0.5314222644864315,0.5188285700550703,0.2821917808219178,4.063985676692734e-16,-0.2887633902605203,dynamic,0.5666666666666667
20,AU-Ctr,BL,EBF,Tr,7,Sws ,0.15,-16.10322,145.44692,0.2266666666666666,0.7488888888888888,0.0244444444444444,0.9755555555555556,43676.0,365,365,0.0036109759389584,712.0715562487329,1114.9660437305602,0.0315083367403539,0.332935300183918,0.0104902375509457,0.0104902375509457,0.3121004472452722,0.2917580286442919,0.3121004472452722,0.2917580286442919,1.44087315368548e-05,0.0030606110278742,6.774962,-0.0011921612921999,0.26555008,0.41,0.25,0.6212132695901627,0.8515243902439024,0.8515243902439024,4.0,49.82969680242693,0.0005,10.0,0.0015598080791978,-9.985936502396129,0.12,-8.145140583590054,6.350559201548257,6.10425341721069,6.257207375272916,6.10425341721069,0.9016071459645224,0.8847411218177472,0.906910033753955,0.8847411218177472,0.5578209688346883,100,1639,1639,5,0.1,5,5,0,0,,38.870000000000005,,0.2643473390620879,1.000648958065835,1.002219163287936,49769687.03406921,14350016.396494698,17858271.508820582,14096901.120890295,,49769687.03406921,1.0009837559844983,6832.247143806449,2546.914273819792,2864.920510896479,1925.2122440028145,,6832.247143806449,1.000719038672072,0.8156611632404859,0.5128351844928085,0.5120091016727736,0.2791441593619222,,0.8156611632404859,1.0005724039654882,0.0106605456017536,0.059228584197698,0.1908562594869067,0.4468960077305464,,0.0106605456017536,1.000648958065835,0.2926585006728655,0.2641043369354329,0.253781826801553,0.0350922281928409,,0.2926585006728655,1.0003725390526574,0.8819755325250109,0.7746577968499668,0.7314694029628467,0.1390246493235415,,0.8819755325250109,1.000493386422878,0.9995294662585718,0.9994946299183548,0.9994355056498964,0.0004520699184353,,0.9995294662585718,1.000539172421271,0.3297234790364293,0.3115010294848713,0.2987630580296768,0.0354404613672874,,0.3297234790364293,1.0005389350284926,0.3295683330142016,0.3113434564561289,0.2986019885109379,0.0354488885208801,,0.3295683330142016,0.9999499987499376,0.3580976927063382,0.3580976927063382,0.3580976927063383,1.1102230246251563e-16,,0.3580976927063382,1.0009211667110298,-9.985936502396129,-7.121172456653219,-6.730264509584796,2.323759503225375,,1.0009837559844983,-8.145140583590054,-3.0363326117996268,-3.4154473383206305,2.2951635165696564,,1.000941150133049,0.0015598080791978,0.0009861813481753,0.0009988110577758,0.0005685777049228,,1.0010902540689235,49.82969680242693,40.39094859808582,40.5906959716714,22.8296622472052,,1.0003612804787934,0.9946749822601716,0.9708225431083708,0.9290430396900492,0.1112564547100438,,0.9946749822601716,1.0009002483634528,0.250016844045565,0.2877836113984646,0.2995394620385553,0.0418772063164336,,0.250016844045565,1.000855122374918,0.3862919382035374,0.4457386641705712,0.4633606095379824,0.0655470000056635,,0.3862919382035374,1.0010564405103952,-14.291254181411588,-5.509877160768186,-6.066738233531745,3.9285823452874222,,-14.291254181411588,1.0009794191138324,-0.7498352055066182,-0.2843168511086929,-0.3142673260693369,0.2048800140662242,,-0.7498352055066182,0.5309290306631695,0.5264873153568321,0.2425167367338922,6.402516618932775e-16,0.1010173451720205,dynamic,0.5
22,AU-Whr,M,WSA,Ar,7,Sws,0.15,-36.6732,145.0294,0.5361538461538461,0.4315384615384615,0.0323076923076923,0.9676923076923076,42046.0,309,309,0.0030331465726509,698.7562129293574,1996.7754961074284,0.0053713761601759,0.2244909324464349,0.0012058252427184,0.0012058252427184,2.19991262505547,0.8530687616621974,2.19991262505547,0.8530687616621974,4.666686349653625e-06,0.0010286518465868,7.252631088527481,-0.0006831837555,0.14253594,0.5,0.25,0.5936342089390495,0.6580569127116934,0.6580569127116934,3.5,34.99306570624356,0.0005,10.0,4.836923612503748e-05,-9.82288862727042,0.091,-6.651139921406818,1.1968162692847124,1.043122331132891,1.0779483549068032,1.043122331132891,0.5220174731182795,0.4690317439888188,0.4846909914033899,0.4690317439888188,0.3454025770833333,100,309,309,1,0.1,5,5,0,0,,37.946,,0.1173068897274846,1.0010158219013725,1.001122344891192,21762983.25938102,9654126.147992847,11832837.375616204,9182811.252721643,,21762983.25938102,1.001068005829712,9735.506542510024,4579.873046377366,5133.236322337676,3378.489237688153,,9735.506542510024,1.0013196241859572,0.6771063150346471,0.5242941134354054,0.52136643430633,0.2781301960840348,,0.6771063150346471,1.001737453687068,2.1496519824832934,0.2924938044185327,0.6988848756584087,0.9988041208533718,,2.1496519824832934,1.0010158219013725,0.3732075666482308,0.1167095635406846,0.1331472941765281,0.0573009362480203,,0.3732075666482308,1.002371351529204,0.2680152534296606,0.5993593020555374,0.5477209895877038,0.1862680167050768,,0.2680152534296606,1.0017980005330367,0.578858268762287,0.7496515686342677,0.7117184236126527,0.1181117144295731,,0.578858268762287,1.0010765021506067,0.8927508291307177,0.940936284539884,0.9337436665964328,0.0343730368453972,,0.8927508291307177,1.0017894983431928,0.5167761993867036,0.7087029537589258,0.668165852913925,0.1232507481851387,,0.5167761993867036,,2.617058048818014,2.617058048818014,2.617058048818014,0.0,,2.617058048818014,1.0005611407374764,-9.82288862727042,-7.1856896381115,-6.785696224606598,2.278566229151449,,1.001068005829712,-6.651139921406818,-3.1288948675373147,-3.506943668563661,2.308128965320125,,1.00154515665428,4.836923612503748e-05,0.000991244073208,0.0009980284662555,0.0005648092621606,,1.0002837995794958,34.99306570624356,41.29777343434319,41.2860529501751,22.935276391903358,,1.002279014081761,0.3396711210220939,0.8641690624666234,0.7828586841079243,0.2022868802705776,,0.3396711210220939,1.0007995276488943,0.2629871542602142,0.2925530637553025,0.3020792651401352,0.0352593951969486,,0.2629871542602142,1.0009159048509948,0.409177450251715,0.4432508017412848,0.4568927945249271,0.0527246228126438,,0.409177450251715,1.001028638666699,-11.003690112980456,-5.081106259035531,-5.374805082456172,3.154843934026561,,-11.003690112980456,1.001225028397755,-0.4458603583983118,-0.2496077908669916,-0.2672160585514101,0.1589346268566969,,-0.4458603583983118,0.6676110132793416,0.6484303655035296,0.2729884293124086,1.7272437659054276e-11,0.1469860554754279,dynamic,0.5166666666666667
28,AU-RDF,M,GRA,Tr,2,Sws,0.075,-14.56364,132.47757,0.69,0.04,0.27,0.73,43425.0,328,328,0.0050817011640482,1845.421120894908,3121.5251560152647,0.0184643680200742,0.1082506849182729,0.001998780484756,0.001998780484756,2.093053426411326,0.6921909283702544,2.093053426411326,0.6921909283702544,2.8951872386939626e-06,0.0013835377193516,6.981719,-2.0201802e-06,0.8988974999999999,0.12,0.09,0.252625936440286,0.8457258745659724,0.8457258745659724,4.0,71.49452916906371,0.0005,10.0,2.6144196493230472e-05,-9.020089221431714,0.12,-7.160617823889755,1.4720723951529038,1.0835308541226716,1.4842888412639337,1.0835308541226716,0.4716030476269941,0.4040444834401837,0.5534855937536763,0.4040444834401837,0.2431608828125,100,328,328,1,0.05,5,5,0,0,,1.394,,0.0074856177414629,1.0017299631073928,1.055552082298903,178280280.83394754,76279237.92125505,82685713.44843125,50162501.79885221,,178280280.83394754,1.0567751055099015,3544544.1074463334,2163931.0509364367,2231054.066215231,1062579.7601949545,,3544544.1074463334,1.0150439830499451,0.7938522167692245,0.8284734933150172,0.7907236834306712,0.1596713933246587,,0.7938522167692245,1.0065742891126872,5.7690223089091575,4.101362495793352,4.022282679301818,1.17926005380627,,5.7690223089091575,1.0017299631073928,0.0172725790672236,0.0075820759706899,0.0078917281633928,0.0049177636618524,,0.0172725790672236,1.022548611745283,0.0729989047356545,0.1128339619777182,0.1039648697252739,0.0476505594127633,,0.0729989047356545,1.0262615539070672,0.2862735942076143,0.363209001653169,0.3281342402776212,0.1157413476288194,,0.2862735942076143,1.0292666336263816,0.2734804499647529,0.2818922201756011,0.2780569624085093,0.014217440452201,,0.2734804499647529,1.0265663351945982,0.0782902313569254,0.1025389677431573,0.092880254715212,0.0350880622769151,,0.0782902313569254,,2.572593956046391,2.572593956046391,2.5725939560463904,4.440892098500626e-16,,2.572593956046391,1.0862962162431464,-9.020089221431714,-5.722603035659563,-5.748430635166232,2.510228916851583,,1.0567751055099015,-7.160617823889755,-4.371530663266981,-4.5071312496974985,2.146602592466595,,1.0637218937063475,2.6144196493230472e-05,6.808471310697512e-05,8.997991445325257e-05,7.897314516690996e-05,,1.0749794988795578,71.49452916906371,42.8862487839312,41.35717940392209,21.8486681005782,,1.0203727206366358,0.0871301543462949,0.139880628380082,0.129532842884869,0.0600676164354132,,0.0871301543462949,1.0219621365865543,0.1666572327258652,0.1833261280807166,0.1823439497232573,0.0139251302605628,,0.1666572327258652,1.023188399753992,0.2584783589836736,0.287137389907237,0.2866991566070618,0.0199445718348044,,0.2584783589836736,1.0136881794971788,-0.5475138554015121,-0.2814171447519342,-0.3581656258330354,0.3022386035591826,,-0.5475138554015121,1.0139099588686136,-0.0255669735581792,-0.0122703008398074,-0.0145765168887239,0.0104702898680438,,-0.0255669735581792,0.8407101798447071,0.8354719665367473,0.4493150684931506,5.676561858042491e-32,-0.080727361711757,dynamic,0.3
